{
  "baseline": {
    "label": "BASELINE (dynamic_sizing OFF)",
    "elapsed_s": 548.3172137737274,
    "metrics": {
      "total_return": 7.8863,
      "cagr": 0.445626,
      "max_drawdown": 0.134586,
      "sharpe": 0.7881,
      "sortino": 7.7852,
      "win_rate": 0.5077,
      "profit_factor": 3.3409,
      "avg_trade": 53.45,
      "total_trades": 518,
      "total_pnl": 27687.13,
      "exposure": 0.9993,
      "turnover": 76.1569,
      "avg_equity": 14416.91,
      "final_equity": 31263.24,
      "avg_winner": 150.25,
      "avg_loser": -46.38,
      "largest_winner": 11621.26,
      "largest_loser": -456.88,
      "avg_hold_days": 18.0,
      "calmar": 3.3111,
      "var_95": 0.005572,
      "var_99": 0.009865,
      "cvar_95": 0.009467,
      "var_95_parametric": 0.053164,
      "expectancy_r": 1.4993,
      "avg_r": 1.4993,
      "avg_winner_r": 3.8597,
      "avg_loser_r": -0.9352,
      "win_rate_r": 0.5077,
      "total_r": 776.6242,
      "r_count": 518,
      "largest_winner_r": 210.9882,
      "largest_loser_r": -4.8642,
      "edge_t_statistic": 2.3842,
      "edge_p_value": 0.017476,
      "edge_significant": true,
      "strategy_correlation": {
        "strategies": [
          "connors_rsi2",
          "mean_reversion",
          "momentum_breakout",
          "opening_gap",
          "sector_rotation",
          "short_term_mr",
          "trend_following"
        ],
        "matrix": [
          [
            1.0,
            0.0386,
            0.0107,
            0.0174,
            0.1434,
            -0.0078,
            -0.0038
          ],
          [
            0.0386,
            1.0,
            -0.0476,
            -0.0069,
            0.0766,
            0.0411,
            0.0222
          ],
          [
            0.0107,
            -0.0476,
            1.0,
            -0.0069,
            -0.0392,
            -0.0043,
            0.037
          ],
          [
            0.0174,
            -0.0069,
            -0.0069,
            1.0,
            0.0775,
            0.072,
            0.004
          ],
          [
            0.1434,
            0.0766,
            -0.0392,
            0.0775,
            1.0,
            0.0039,
            -0.0332
          ],
          [
            -0.0078,
            0.0411,
            -0.0043,
            0.072,
            0.0039,
            1.0,
            0.0105
          ],
          [
            -0.0038,
            0.0222,
            0.037,
            0.004,
            -0.0332,
            0.0105,
            1.0
          ]
        ],
        "concentrated_pairs": [],
        "n_active_days": 1490
      },
      "mc_p95_drawdown": 0.257541,
      "mc_p99_drawdown": 0.331965,
      "mc_fragile": true,
      "monte_carlo": {
        "p50_drawdown": 0.123593,
        "p75_drawdown": 0.172168,
        "p95_drawdown": 0.257541,
        "p99_drawdown": 0.331965,
        "worst_drawdown": 0.43547,
        "actual_drawdown": 0.045261,
        "n_simulations": 1000,
        "n_trades": 518,
        "fragile": true
      },
      "regime_metrics": {
        "bear": {
          "trades": 61,
          "win_rate_pct": 49.2,
          "avg_trade": 73.9,
          "total_pnl": 4507.99,
          "profit_factor": 4.3165,
          "sharpe_approx": 0.1285,
          "avg_r": 3.4482
        },
        "bull": {
          "trades": 318,
          "win_rate_pct": 52.2,
          "avg_trade": 73.03,
          "total_pnl": 23224.25,
          "profit_factor": 4.2118,
          "sharpe_approx": 0.1042,
          "avg_r": 1.7233
        },
        "neutral": {
          "trades": 139,
          "win_rate_pct": 48.2,
          "avg_trade": -0.32,
          "total_pnl": -45.11,
          "profit_factor": 0.9861,
          "sharpe_approx": -0.0045,
          "avg_r": 0.1314
        }
      }
    },
    "benchmark_metrics": {
      "cagr": 0.140502,
      "max_drawdown": 0.20948,
      "sharpe": 0.6366,
      "sortino": 0.9006,
      "total_return": 1.202,
      "final_equity": 7746.78
    },
    "trade_count": 518
  },
  "candidate": {
    "label": "CANDIDATE (dynamic_sizing ON)",
    "elapsed_s": 566.5993032455444,
    "metrics": {
      "total_return": 7.2468,
      "cagr": 0.427524,
      "max_drawdown": 0.115068,
      "sharpe": 0.766,
      "sortino": 7.755,
      "win_rate": 0.5223,
      "profit_factor": 3.5083,
      "avg_trade": 49.4,
      "total_trades": 515,
      "total_pnl": 25441.95,
      "exposure": 0.9993,
      "turnover": 68.2688,
      "avg_equity": 13741.09,
      "final_equity": 29013.25,
      "avg_winner": 132.29,
      "avg_loser": -41.23,
      "largest_winner": 11028.34,
      "largest_loser": -456.88,
      "avg_hold_days": 18.0,
      "calmar": 3.7154,
      "var_95": 0.004672,
      "var_99": 0.009511,
      "cvar_95": 0.00895,
      "var_95_parametric": 0.052991,
      "expectancy_r": 1.5247,
      "avg_r": 1.5247,
      "avg_winner_r": 3.7922,
      "avg_loser_r": -0.9548,
      "win_rate_r": 0.5223,
      "total_r": 785.2251,
      "r_count": 515,
      "largest_winner_r": 210.9884,
      "largest_loser_r": -4.8642,
      "edge_t_statistic": 2.4108,
      "edge_p_value": 0.016266,
      "edge_significant": true,
      "strategy_correlation": {
        "strategies": [
          "connors_rsi2",
          "mean_reversion",
          "momentum_breakout",
          "opening_gap",
          "sector_rotation",
          "short_term_mr",
          "trend_following"
        ],
        "matrix": [
          [
            1.0,
            0.0369,
            0.0126,
            0.019,
            0.1666,
            -0.0035,
            -0.0046
          ],
          [
            0.0369,
            1.0,
            -0.0497,
            -0.0021,
            0.0865,
            0.054,
            0.0269
          ],
          [
            0.0126,
            -0.0497,
            1.0,
            -0.0045,
            -0.0436,
            -0.0055,
            0.0389
          ],
          [
            0.019,
            -0.0021,
            -0.0045,
            1.0,
            0.0677,
            0.0763,
            0.0038
          ],
          [
            0.1666,
            0.0865,
            -0.0436,
            0.0677,
            1.0,
            0.0181,
            -0.0023
          ],
          [
            -0.0035,
            0.054,
            -0.0055,
            0.0763,
            0.0181,
            1.0,
            0.0067
          ],
          [
            -0.0046,
            0.0269,
            0.0389,
            0.0038,
            -0.0023,
            0.0067,
            1.0
          ]
        ],
        "concentrated_pairs": [],
        "n_active_days": 1490
      },
      "mc_p95_drawdown": 0.255657,
      "mc_p99_drawdown": 0.337818,
      "mc_fragile": true,
      "monte_carlo": {
        "p50_drawdown": 0.11899,
        "p75_drawdown": 0.16326,
        "p95_drawdown": 0.255657,
        "p99_drawdown": 0.337818,
        "worst_drawdown": 0.468301,
        "actual_drawdown": 0.045993,
        "n_simulations": 1000,
        "n_trades": 515,
        "fragile": true
      },
      "regime_metrics": {
        "bear": {
          "trades": 60,
          "win_rate_pct": 50.0,
          "avg_trade": 72.47,
          "total_pnl": 4348.01,
          "profit_factor": 5.2313,
          "sharpe_approx": 0.128,
          "avg_r": 3.5438
        },
        "bull": {
          "trades": 316,
          "win_rate_pct": 53.2,
          "avg_trade": 67.29,
          "total_pnl": 21262.83,
          "profit_factor": 4.3632,
          "sharpe_approx": 0.101,
          "avg_r": 1.7436
        },
        "neutral": {
          "trades": 139,
          "win_rate_pct": 51.1,
          "avg_trade": -1.22,
          "total_pnl": -168.89,
          "profit_factor": 0.9395,
          "sharpe_approx": -0.0186,
          "avg_r": 0.1555
        }
      }
    },
    "benchmark_metrics": {
      "cagr": 0.140502,
      "max_drawdown": 0.20948,