{"reconcile_ledger:eae0e957615806bc": 1780961403.5036752, "cli:1879df7b63e4ad67": 1780909649.4278815, "intraday_monitor:0b773aa47ba4fb4d": 1780950602.7157402, "eod_settlement:1d9adfdece171003": 1780956085.4541643, "strategy_evaluator:54505a218c083904": 1780725116.4245143, "sync_protective_orders:34b540543988b980": 1780744563.5120616, "sync_protective_orders:0861720883e829e2": 1780881367.3135548}