{"commodity_etfs": 1777554008.5066085, "sp500": 1778592663.41307, "sector_etfs": 1777642383.3514056}