{
  "timestamp": "20260316T204808",
  "label": "Full Base",
  "config_version": "v3.0",
  "metrics": {
    "total_return": 0.5416,
    "cagr": 0.075642,
    "max_drawdown": 0.103665,
    "sharpe": 0.3092,
    "sortino": 0.408,
    "win_rate": 0.5314,
    "profit_factor": 1.3301,
    "avg_trade": 3.11,
    "total_trades": 606,
    "total_pnl": 1884.16,
    "exposure": 0.9839,
    "turnover": 162.6579,
    "avg_equity": 4094.35,
    "final_equity": 5423.5,
    "avg_winner": 23.58,
    "avg_loser": -20.1,
    "largest_winner": 201.09,
    "largest_loser": -191.1,
    "avg_hold_days": 13.8,
    "calmar": 0.7297,
    "var_95": 0.008758,
    "var_99": 0.016626,
    "cvar_95": 0.013675,
    "var_95_parametric": 0.009321,
    "expectancy_r": 0.008,
    "avg_r": 0.008,
    "avg_winner_r": 1.9987,
    "avg_loser_r": -2.2492,
    "win_rate_r": 0.5314,
    "total_r": 4.821,
    "r_count": 606,
    "largest_winner_r": 48.893,
    "largest_loser_r": -65.5528,
    "edge_t_statistic": 0.0347,
    "edge_p_value": 0.972364,
    "edge_significant": false,
    "strategy_correlation": {
      "strategies": [
        "connors_rsi2",
        "mean_reversion",
        "momentum_breakout",
        "sector_rotation",
        "short_term_mr",
        "trend_following"
      ],
      "matrix": [
        [
          1.0,
          0.1129,
          -0.0222,
          0.0199,
          -0.0283,
          -0.0001
        ],
        [
          0.1129,
          1.0,
          -0.0741,
          0.0333,
          -0.0049,
          0.024
        ],
        [
          -0.0222,
          -0.0741,
          1.0,
          0.0941,
          -0.0105,
          0.0783
        ],
        [
          0.0199,
          0.0333,
          0.0941,
          1.0,
          0.0239,
          0.1091
        ],
        [
          -0.0283,
          -0.0049,
          -0.0105,
          0.0239,
          1.0,
          -0.0035
        ],
        [
          -0.0001,
          0.024,
          0.0783,
          0.1091,
          -0.0035,
          1.0
        ]
      ],
      "concentrated_pairs": [],
      "n_active_days": 1467
    },
    "mc_p95_drawdown": 0.147168,
    "mc_p99_drawdown": 0.193356,
    "mc_fragile": false,
    "monte_carlo": {
      "p50_drawdown": 0.088665,
      "p75_drawdown": 0.10616,
      "p95_drawdown": 0.147168,
      "p99_drawdown": 0.193356,
      "worst_drawdown": 0.247125,
      "actual_drawdown": 0.104747,
      "n_simulations": 1000,
      "n_trades": 606,
      "fragile": false
    },
    "regime_metrics": {
      "bear": {
        "trades": 66,
        "win_rate_pct": 54.5,
        "avg_trade": -1.39,
        "total_pnl": -91.65,
        "profit_factor": 0.8586,
        "sharpe_approx": -0.0523,
        "avg_r": -0.2115
      },
      "bull": {
        "trades": 388,
        "win_rate_pct": 52.6,
        "avg_trade": 3.68,
        "total_pnl": 1428.01,
        "profit_factor": 1.3729,
        "sharpe_approx": 0.1147,
        "avg_r": 0.1263
      },
      "neutral": {
        "trades": 152,
        "win_rate_pct": 53.9,
        "avg_trade": 3.6,
        "total_pnl": 547.8,
        "profit_factor": 1.4455,
        "sharpe_approx": 0.1443,
        "avg_r": -0.1988
      }
    }
  },
  "trade_count": 606,
  "long_trades": 606,
  "short_trades": 0,
  "short_trade_details": []
}