{
  "timestamp": "20260316T214003",
  "label": "Full+Shorts",
  "config_version": "v3.0",
  "metrics": {
    "total_return": 0.3873,
    "cagr": 0.056701,
    "max_drawdown": 0.135244,
    "sharpe": 0.1186,
    "sortino": 0.1527,
    "win_rate": 0.5092,
    "profit_factor": 1.2487,
    "avg_trade": 2.24,
    "total_trades": 601,
    "total_pnl": 1345.43,
    "exposure": 0.9839,
    "turnover": 156.7865,
    "avg_equity": 3990.84,
    "final_equity": 4880.69,
    "avg_winner": 22.08,
    "avg_loser": -18.4,
    "largest_winner": 176.5,
    "largest_loser": -190.7,
    "avg_hold_days": 13.8,
    "calmar": 0.4192,
    "var_95": 0.008116,
    "var_99": 0.016303,
    "cvar_95": 0.013286,
    "var_95_parametric": 0.008915,
    "expectancy_r": -0.5911,
    "avg_r": -0.5911,
    "avg_winner_r": 2.2267,
    "avg_loser_r": -3.514,
    "win_rate_r": 0.5092,
    "total_r": -355.2551,
    "r_count": 601,
    "largest_winner_r": 57.971,
    "largest_loser_r": -489.8798,
    "edge_t_statistic": -0.7012,
    "edge_p_value": 0.483472,
    "edge_significant": false,
    "strategy_correlation": {
      "strategies": [
        "connors_rsi2",
        "mean_reversion",
        "momentum_breakout",
        "sector_rotation",
        "short_term_mr",
        "trend_following"
      ],
      "matrix": [
        [
          1.0,
          0.1538,
          -0.0318,
          0.0219,
          -0.0372,
          0.0003
        ],
        [
          0.1538,
          1.0,
          -0.0481,
          0.0255,
          -0.0113,
          -0.0017
        ],
        [
          -0.0318,
          -0.0481,
          1.0,
          0.0858,
          -0.001,
          0.0302
        ],
        [
          0.0219,
          0.0255,
          0.0858,
          1.0,
          -0.0112,
          0.0692
        ],
        [
          -0.0372,
          -0.0113,
          -0.001,
          -0.0112,
          1.0,
          -0.0038
        ],
        [
          0.0003,
          -0.0017,
          0.0302,
          0.0692,
          -0.0038,
          1.0
        ]
      ],
      "concentrated_pairs": [],
      "n_active_days": 1467
    },
    "mc_p95_drawdown": 0.155254,
    "mc_p99_drawdown": 0.183874,
    "mc_fragile": false,
    "monte_carlo": {
      "p50_drawdown": 0.098848,
      "p75_drawdown": 0.119901,
      "p95_drawdown": 0.155254,
      "p99_drawdown": 0.183874,
      "worst_drawdown": 0.236271,
      "actual_drawdown": 0.13546,
      "n_simulations": 1000,
      "n_trades": 601,
      "fragile": false
    },
    "alpha": 0.013788,
    "beta": 0.010595,
    "r_squared": 0.000347,
    "information_ratio": -0.492857,
    "tracking_error": 0.177262,
    "treynor_ratio": 1.403655,
    "correlation": 0.018627,
    "up_capture": 0.057017,
    "down_capture": -0.012997,
    "shuffle_actual_dd": 0.13546,
    "shuffle_p50_dd": 0.097571,
    "shuffle_p95_dd": 0.156172,
    "shuffle_percentile": 88.0,
    "shuffle_impact": "UNLUCKY",
    "regime_metrics": {
      "bear": {
        "trades": 69,
        "win_rate_pct": 43.5,
        "avg_trade": -1.79,
        "total_pnl": -123.18,
        "profit_factor": 0.8205,
        "sharpe_approx": -0.0661,
        "avg_r": -0.3292
      },
      "bull": {
        "trades": 384,
        "win_rate_pct": 50.8,
        "avg_trade": 2.61,
        "total_pnl": 1002.46,
        "profit_factor": 1.2737,
        "sharpe_approx": 0.0874,
        "avg_r": -1.0616
      },
      "neutral": {
        "trades": 148,
        "win_rate_pct": 54.7,
        "avg_trade": 3.15,
        "total_pnl": 466.15,
        "profit_factor": 1.4393,
        "sharpe_approx": 0.141,
        "avg_r": 0.5075
      }
    }
  },
  "trade_count": 601,
  "long_trades": 598,
  "short_trades": 3,
  "short_trade_details": [
    {
      "ticker": "TSLA",
      "entry_date": "2021-10-15 00:00:00",
      "exit_date": "2021-10-19 00:00:00",
      "entry_price": 275.0524,
      "exit_price": 292.550742,
      "pnl": -35.0,
      "pnl_pct": null,
      "direction": "short",
      "exit_reason": "stop_hit",
      "hold_days": 4
    },
    {
      "ticker": "AAPL",
      "entry_date": "2023-03-22 00:00:00",
      "exit_date": "2023-04-03 00:00:00",
      "entry_price": 156.8915,
      "exit_price": 161.923806,
      "pnl": -10.06,
      "pnl_pct": null,
      "direction": "short",
      "exit_reason": "stop_hit",
      "hold_days": 12
    },
    {
      "ticker": "APH",
      "entry_date": "2025-05-02 00:00:00",
      "exit_date": "2025-05-13 00:00:00",
      "entry_price": 79.3303,
      "exit_price": 84.33156600000001,
      "pnl": -20.01,
      "pnl_pct": null,
      "direction": "short",
      "exit_reason": "stop_hit",
      "hold_days": 11
    }
  ]
}